epoch,time,train/box_loss,train/cls_loss,train/dfl_loss,metrics/precision(B),metrics/recall(B),metrics/mAP50(B),metrics/mAP50-95(B),val/box_loss,val/cls_loss,val/dfl_loss,lr/pg0,lr/pg1,lr/pg2
1,14.0402,1.1504,3.52737,1.41281,0.0092,0.8,0.06996,0.02844,0.87803,3.57294,1.34164,1e-05,1e-05,1e-05
2,28.948,1.06177,3.5073,1.38081,0.00945,0.8,0.06879,0.02306,0.74069,3.51601,1.27879,2.9703e-05,2.9703e-05,2.9703e-05
3,41.0588,1.1415,3.49098,1.42138,0.0095,0.8,0.07045,0.03938,0.4902,3.43844,1.11468,4.901e-05,4.901e-05,4.901e-05
4,51.4351,0.80617,3.41464,1.25917,0.01645,1,0.07687,0.05165,0.39531,3.39506,1.05321,6.7921e-05,6.7921e-05,6.7921e-05
5,61.4011,0.72203,3.42476,1.16146,0.01581,1,0.07858,0.05842,0.40406,3.36006,1.00491,8.6436e-05,8.6436e-05,8.6436e-05
6,72.159,0.67588,3.33348,1.10743,0.0196,1,0.0883,0.07466,0.43023,3.34599,0.9936,0.000104555,0.000104555,0.000104555
7,81.8778,0.60198,3.28652,1.12646,0.02175,1,0.17942,0.15111,0.46432,3.34463,0.98488,0.000122278,0.000122278,0.000122278
8,91.9086,0.59438,3.22824,1.04227,0.02513,1,0.22412,0.17228,0.48866,3.33956,0.98201,0.000139605,0.000139605,0.000139605
9,101.967,0.54413,3.19022,1.01213,0.03293,1,0.26782,0.20236,0.58814,3.3506,1.00972,0.000156536,0.000156536,0.000156536
10,112.303,0.48947,3.23059,1.06097,0.0359,1,0.27267,0.19645,0.68623,3.35813,1.06531,0.000173071,0.000173071,0.000173071
11,121.103,0.57329,3.17974,1.07635,0.02731,1,0.31815,0.23289,0.75223,3.36245,1.13157,0.00018921,0.00018921,0.00018921
12,130.107,0.48851,3.10513,1.06718,0.02731,1,0.31815,0.23289,0.75223,3.36245,1.13157,0.000204953,0.000204953,0.000204953
13,138.543,0.50342,3.07001,0.93603,0.03158,1,0.29469,0.22242,0.74577,3.34953,1.291,0.0002203,0.0002203,0.0002203
14,148.223,0.36403,3.00068,0.93281,0.02614,1,0.26232,0.18982,0.72719,3.34971,1.36407,0.000235251,0.000235251,0.000235251
15,156.596,0.49141,3.03645,0.99847,0.02614,1,0.26232,0.18982,0.72719,3.34971,1.36407,0.000249806,0.000249806,0.000249806
16,166.075,0.45714,3.05572,1.0289,0.02289,1,0.32499,0.23597,0.75372,3.36057,1.4777,0.000263965,0.000263965,0.000263965
17,175.348,0.51641,3.1065,1.00102,0.02292,1,0.32082,0.21536,0.96083,3.36444,1.73779,0.000277728,0.000277728,0.000277728
18,185.582,0.52433,3.01366,1.01562,0.02292,1,0.32082,0.21536,0.96083,3.36444,1.73779,0.000291095,0.000291095,0.000291095
19,196.872,0.44516,2.95676,0.94899,0.02005,1,0.34265,0.23405,0.89401,3.33473,1.64391,0.000304066,0.000304066,0.000304066
20,206.869,0.41108,2.91018,0.97674,0.02005,1,0.34265,0.23405,0.89401,3.33473,1.64391,0.000316641,0.000316641,0.000316641
21,216.657,0.47477,2.89775,0.96522,0.01992,1,0.3371,0.22862,0.9303,3.33099,1.52309,0.00032882,0.00032882,0.00032882
22,225.774,0.42225,2.92069,0.96129,0.01992,1,0.3371,0.22862,0.9303,3.33099,1.52309,0.000340603,0.000340603,0.000340603
23,235.488,0.41738,2.8659,0.95892,0.0206,1,0.27496,0.19064,0.98786,3.31054,1.43638,0.00035199,0.00035199,0.00035199
24,244.622,0.40916,2.83474,0.95428,0.0206,1,0.27496,0.19064,0.98786,3.31054,1.43638,0.000362981,0.000362981,0.000362981
25,254.913,0.45203,2.8993,1.02514,0.01979,1,0.2853,0.1988,0.80323,3.27376,1.23938,0.000373576,0.000373576,0.000373576
26,264.228,0.35255,2.73111,0.96592,0.01979,1,0.2853,0.1988,0.80323,3.27376,1.23938,0.000383775,0.000383775,0.000383775
27,276.601,0.45858,2.68868,0.9321,0.01979,1,0.2853,0.1988,0.80323,3.27376,1.23938,0.000393578,0.000393578,0.000393578
28,287.822,0.38185,2.62676,0.946,0.01917,1,0.29277,0.20635,0.72338,3.24302,1.10552,0.000402985,0.000402985,0.000402985
29,298.265,0.43249,2.59526,0.91113,0.01917,1,0.29277,0.20635,0.72338,3.24302,1.10552,0.000411996,0.000411996,0.000411996
30,308.796,0.40247,2.61102,0.94967,0.01809,1,0.25474,0.16869,0.68879,3.2066,1.07186,0.000420611,0.000420611,0.000420611
31,318.225,0.42312,2.5491,1.02385,0.01809,1,0.25474,0.16869,0.68879,3.2066,1.07186,0.00042883,0.00042883,0.00042883
32,328.159,0.48333,2.69193,1.03744,0.01809,1,0.25474,0.16869,0.68879,3.2066,1.07186,0.000436653,0.000436653,0.000436653
33,339.023,0.46433,2.6529,1.00325,0.01697,1,0.33399,0.29284,0.65347,3.12777,1.07964,0.00044408,0.00044408,0.00044408
34,347.687,0.41611,2.57805,0.92942,0.01697,1,0.33399,0.29284,0.65347,3.12777,1.07964,0.000451111,0.000451111,0.000451111
35,357.784,0.41432,2.48095,0.99011,0.01697,1,0.33399,0.29284,0.65347,3.12777,1.07964,0.000457746,0.000457746,0.000457746
36,367.366,0.52042,2.51061,0.95666,0.01576,1,0.39231,0.35514,0.68241,3.06962,1.06479,0.000463985,0.000463985,0.000463985
37,376.975,0.40995,2.56153,0.95676,0.01576,1,0.39231,0.35514,0.68241,3.06962,1.06479,0.000469828,0.000469828,0.000469828
38,386.676,0.51872,2.44193,0.95889,0.01576,1,0.39231,0.35514,0.68241,3.06962,1.06479,0.000475275,0.000475275,0.000475275
39,396.318,0.37049,2.32264,0.94105,0.86665,0.2,0.51359,0.46305,0.63389,2.92644,1.04761,0.000480326,0.000480326,0.000480326
40,407.209,0.41702,2.35216,0.94683,0.86665,0.2,0.51359,0.46305,0.63389,2.92644,1.04761,0.000484981,0.000484981,0.000484981
41,416.272,0.43323,2.40863,0.93901,0.86665,0.2,0.51359,0.46305,0.63389,2.92644,1.04761,0.00048924,0.00048924,0.00048924
42,425.937,0.38169,2.28052,0.92873,0.61074,0.3,0.54045,0.50871,0.43097,2.762,0.95701,0.000493103,0.000493103,0.000493103
43,435.384,0.43156,2.19548,0.96405,0.61074,0.3,0.54045,0.50871,0.43097,2.762,0.95701,0.00049657,0.00049657,0.00049657
44,447.318,0.40284,2.25784,1.02202,0.61074,0.3,0.54045,0.50871,0.43097,2.762,0.95701,0.000499641,0.000499641,0.000499641
45,460.484,0.46427,2.32398,0.97978,0.61074,0.3,0.54045,0.50871,0.43097,2.762,0.95701,0.000502316,0.000502316,0.000502316
46,474.022,0.43227,2.20003,0.95974,0.63727,0.57906,0.56728,0.5424,0.40666,2.71171,0.94583,0.000504595,0.000504595,0.000504595
47,484.481,0.40784,2.14643,0.95937,0.63727,0.57906,0.56728,0.5424,0.40666,2.71171,0.94583,0.000506478,0.000506478,0.000506478
48,492.165,0.46077,2.2582,1.03228,0.63727,0.57906,0.56728,0.5424,0.40666,2.71171,0.94583,0.000507965,0.000507965,0.000507965
49,499.164,0.45057,2.20731,0.97675,0.63727,0.57906,0.56728,0.5424,0.40666,2.71171,0.94583,0.000509056,0.000509056,0.000509056
50,506.296,0.4932,2.15717,0.9711,0.56098,0.6,0.58373,0.5449,0.47007,2.65564,0.95526,0.000509751,0.000509751,0.000509751
51,514.16,0.43483,1.96534,0.97351,0.56098,0.6,0.58373,0.5449,0.47007,2.65564,0.95526,0.000505,0.000505,0.000505
52,524.837,0.51584,2.05968,1.05473,0.56098,0.6,0.58373,0.5449,0.47007,2.65564,0.95526,0.0004951,0.0004951,0.0004951
53,538.158,0.47034,2.17986,1.0827,0.56098,0.6,0.58373,0.5449,0.47007,2.65564,0.95526,0.0004852,0.0004852,0.0004852
54,551.15,0.39723,2.07032,0.96463,0.40804,0.67751,0.67138,0.62165,0.47545,2.5328,0.94344,0.0004753,0.0004753,0.0004753
55,562.01,0.49982,2.14778,0.96215,0.40804,0.67751,0.67138,0.62165,0.47545,2.5328,0.94344,0.0004654,0.0004654,0.0004654
56,572.416,0.37667,2.0877,1.05698,0.40804,0.67751,0.67138,0.62165,0.47545,2.5328,0.94344,0.0004555,0.0004555,0.0004555
57,582.587,0.48067,2.20892,0.94117,0.40804,0.67751,0.67138,0.62165,0.47545,2.5328,0.94344,0.0004456,0.0004456,0.0004456
58,593.463,0.36173,2.00635,0.95942,0.37566,0.65448,0.64995,0.57749,0.48093,2.43671,0.94595,0.0004357,0.0004357,0.0004357
59,603.639,0.37247,1.82153,0.96568,0.37566,0.65448,0.64995,0.57749,0.48093,2.43671,0.94595,0.0004258,0.0004258,0.0004258
60,613.673,0.37075,1.99684,0.88778,0.37566,0.65448,0.64995,0.57749,0.48093,2.43671,0.94595,0.0004159,0.0004159,0.0004159
61,625.945,0.37055,2.03768,0.99963,0.37566,0.65448,0.64995,0.57749,0.48093,2.43671,0.94595,0.000406,0.000406,0.000406
62,636.228,0.32297,1.75111,0.92747,0.37115,0.65334,0.6436,0.57178,0.46431,2.45795,0.94321,0.0003961,0.0003961,0.0003961
63,645.091,0.47828,1.92873,1.05649,0.37115,0.65334,0.6436,0.57178,0.46431,2.45795,0.94321,0.0003862,0.0003862,0.0003862
64,655.223,0.38655,1.76956,0.91239,0.37115,0.65334,0.6436,0.57178,0.46431,2.45795,0.94321,0.0003763,0.0003763,0.0003763
65,666.052,0.3212,1.85842,0.94399,0.37115,0.65334,0.6436,0.57178,0.46431,2.45795,0.94321,0.0003664,0.0003664,0.0003664
66,675.248,0.32275,1.88935,0.90817,0.3815,0.65508,0.64715,0.57746,0.44755,2.41614,0.93709,0.0003565,0.0003565,0.0003565
67,684.8,0.45038,1.96144,1.02744,0.3815,0.65508,0.64715,0.57746,0.44755,2.41614,0.93709,0.0003466,0.0003466,0.0003466
68,694.792,0.38785,1.92952,0.88187,0.3815,0.65508,0.64715,0.57746,0.44755,2.41614,0.93709,0.0003367,0.0003367,0.0003367
69,703.791,0.44741,1.78937,1.05802,0.3815,0.65508,0.64715,0.57746,0.44755,2.41614,0.93709,0.0003268,0.0003268,0.0003268
70,712.848,0.30297,1.89593,0.93439,0.4047,0.66952,0.6535,0.58317,0.43574,2.34823,0.93273,0.0003169,0.0003169,0.0003169
71,721.329,0.43789,1.69478,0.91982,0.4047,0.66952,0.6535,0.58317,0.43574,2.34823,0.93273,0.000307,0.000307,0.000307
72,729.963,0.39213,1.67439,0.95401,0.4047,0.66952,0.6535,0.58317,0.43574,2.34823,0.93273,0.0002971,0.0002971,0.0002971
73,738.555,0.41348,1.69556,1.00927,0.4047,0.66952,0.6535,0.58317,0.43574,2.34823,0.93273,0.0002872,0.0002872,0.0002872
74,747.299,0.38024,1.7743,0.94642,0.41369,0.67292,0.66967,0.59771,0.44313,2.30949,0.93604,0.0002773,0.0002773,0.0002773
75,755.783,0.3652,1.69735,0.93876,0.41369,0.67292,0.66967,0.59771,0.44313,2.30949,0.93604,0.0002674,0.0002674,0.0002674
76,765.588,0.34268,1.70562,0.89435,0.41369,0.67292,0.66967,0.59771,0.44313,2.30949,0.93604,0.0002575,0.0002575,0.0002575
77,774.143,0.38647,1.74224,0.85722,0.41369,0.67292,0.66967,0.59771,0.44313,2.30949,0.93604,0.0002476,0.0002476,0.0002476
78,783.163,0.3889,1.67469,0.88463,0.41549,0.66326,0.66967,0.59771,0.4415,2.28323,0.92833,0.0002377,0.0002377,0.0002377
79,791.412,0.31992,1.54506,0.85238,0.41549,0.66326,0.66967,0.59771,0.4415,2.28323,0.92833,0.0002278,0.0002278,0.0002278
80,799.651,0.39403,1.57678,0.97888,0.41549,0.66326,0.66967,0.59771,0.4415,2.28323,0.92833,0.0002179,0.0002179,0.0002179
81,808.85,0.33928,1.57978,0.94913,0.41549,0.66326,0.66967,0.59771,0.4415,2.28323,0.92833,0.000208,0.000208,0.000208
82,817.69,0.36831,1.60727,1.07405,0.41727,0.65734,0.66967,0.60766,0.43245,2.19958,0.92043,0.0001981,0.0001981,0.0001981
83,826.776,0.33716,1.84291,0.89469,0.41727,0.65734,0.66967,0.60766,0.43245,2.19958,0.92043,0.0001882,0.0001882,0.0001882
84,835.441,0.33923,1.674,0.90856,0.41727,0.65734,0.66967,0.60766,0.43245,2.19958,0.92043,0.0001783,0.0001783,0.0001783
85,844.194,0.29993,1.65903,0.90392,0.41727,0.65734,0.66967,0.60766,0.43245,2.19958,0.92043,0.0001684,0.0001684,0.0001684
86,852.792,0.33558,1.69777,0.88043,0.39411,0.70338,0.67493,0.61239,0.42868,2.13448,0.91882,0.0001585,0.0001585,0.0001585
87,861.179,0.31142,1.6095,0.9363,0.39411,0.70338,0.67493,0.61239,0.42868,2.13448,0.91882,0.0001486,0.0001486,0.0001486
88,869.485,0.34691,1.50299,0.89389,0.39411,0.70338,0.67493,0.61239,0.42868,2.13448,0.91882,0.0001387,0.0001387,0.0001387
89,878.334,0.38819,1.64544,0.94862,0.39411,0.70338,0.67493,0.61239,0.42868,2.13448,0.91882,0.0001288,0.0001288,0.0001288
90,888.338,0.29771,1.5784,0.92986,0.4131,0.75914,0.67493,0.61239,0.43343,2.07927,0.94261,0.0001189,0.0001189,0.0001189
91,897.976,0.34934,2.54723,1.01244,0.4131,0.75914,0.67493,0.61239,0.43343,2.07927,0.94261,0.000109,0.000109,0.000109
92,908.325,0.33288,1.68829,0.91974,0.4131,0.75914,0.67493,0.61239,0.43343,2.07927,0.94261,9.91e-05,9.91e-05,9.91e-05
93,917.908,0.30755,1.85038,0.96402,0.4131,0.75914,0.67493,0.61239,0.43343,2.07927,0.94261,8.92e-05,8.92e-05,8.92e-05
94,927.847,0.35325,1.69158,0.98745,0.39585,0.75367,0.69633,0.63163,0.42,2.07727,0.90738,7.93e-05,7.93e-05,7.93e-05
95,942.691,0.28607,1.79024,0.89194,0.39585,0.75367,0.69633,0.63163,0.42,2.07727,0.90738,6.94e-05,6.94e-05,6.94e-05
94,14.4154,0.38005,1.88028,1.15791,0.40798,0.76534,0.67493,0.61239,0.42973,2.05568,0.93028,7.93e-05,7.93e-05,7.93e-05
96,956.778,0.29819,2.02838,0.92892,0.39585,0.75367,0.69633,0.63163,0.42,2.07727,0.90738,5.95e-05,5.95e-05,5.95e-05
95,28.5506,0.26204,1.95748,0.87323,0.40798,0.76534,0.67493,0.61239,0.42973,2.05568,0.93028,6.94e-05,6.94e-05,6.94e-05
97,971.559,0.3426,1.82209,0.88439,0.39585,0.75367,0.69633,0.63163,0.42,2.07727,0.90738,4.96e-05,4.96e-05,4.96e-05
96,42.7647,0.38607,1.89042,1.04049,0.40798,0.76534,0.67493,0.61239,0.42973,2.05568,0.93028,5.95e-05,5.95e-05,5.95e-05
98,987.166,0.24391,1.63141,0.80037,0.36918,0.76761,0.69633,0.63495,0.39666,2.15852,0.88408,3.97e-05,3.97e-05,3.97e-05
97,57.663,0.31246,2.34331,0.88406,0.40798,0.76534,0.67493,0.61239,0.42973,2.05568,0.93028,4.96e-05,4.96e-05,4.96e-05
99,1002.98,0.37347,1.87169,0.98945,0.36918,0.76761,0.69633,0.63495,0.39666,2.15852,0.88408,2.98e-05,2.98e-05,2.98e-05
98,73.3585,0.27772,1.8105,0.95884,0.41425,0.74089,0.69633,0.63495,0.40599,2.07222,0.89395,3.97e-05,3.97e-05,3.97e-05
99,87.5706,0.5498,2.37722,1.33162,0.41425,0.74089,0.69633,0.63495,0.40599,2.07222,0.89395,2.98e-05,2.98e-05,2.98e-05
100,1017.34,0.33985,2.09168,1.04376,0.36918,0.76761,0.69633,0.63495,0.39666,2.15852,0.88408,1.99e-05,1.99e-05,1.99e-05
100,98.5976,0.34375,1.90339,0.97209,0.41425,0.74089,0.69633,0.63495,0.40599,2.07222,0.89395,1.99e-05,1.99e-05,1.99e-05
